nome;login;id_ativo;id_sexo
Maria 100;1-Maria110;0;0
Joao 2;2-Joao2;1;1
Maria 3;3-Maria3;1;0
Joao 4;4-Maria4;0;1
Joao 5;5-Maria5;1;1
Maria 6;6-Joao6;1;0
Joao 7;7-Joao7;1;1
Maria 8;8-Maria8;1;0
Maria 9;9-Joao9;0;0
Joao 10;10-Maria10;1;1
Maria 11;11-Maria11;1;0
Maria 12;12-Maria12;1;0
Joao 13;13-Maria13;1;1
Maria 14;14-Joao14;1;0
Maria 15;15-Joao15;1;0
Joao 16;16-Maria16;0;1
Joao 17;17-Maria17;0;1
Maria 18;18-Maria18;0;0
Joao 19;19-Maria19;1;1
Maria 20;20-Joao20;0;0
Maria 21;21-Joao21;0;0
Joao 22;22-Joao22;0;1
Maria 23;23-Joao23;0;0
Maria 24;24-Maria24;1;0
Joao 25;25-Joao25;0;1
Maria 26;26-Maria26;1;0
Maria 27;27-Maria27;1;0
Maria 28;28-Joao28;0;0
Joao 29;29-Maria29;0;1
Joao 30;30-Joao30;0;1
Maria 31;31-Joao31;1;0
Joao 32;32-Joao32;0;1
Joao 33;33-Maria33;1;1
Maria 34;34-Joao34;0;0
Maria 35;35-Maria35;0;0
Joao 36;36-Joao36;1;1
Maria 37;37-Maria37;0;0
Maria 38;38-Joao38;1;0
Joao 39;39-Maria39;0;1
Maria 40;40-Joao40;0;0
Maria 41;41-Maria41;1;0
Joao 42;42-Joao42;0;1
Joao 43;43-Joao43;0;1
Maria 44;44-Maria44;0;0
Maria 45;45-Maria45;0;0
Maria 46;46-Joao46;1;0
Joao 47;47-Maria47;1;1
Maria 48;48-Maria48;1;0
Joao 49;49-Joao49;1;1
Joao 50;50-Joao50;0;1
Maria 51;51-Joao51;1;0
Joao 52;52-Joao52;1;1
Joao 53;53-Joao53;1;1
Joao 54;54-Maria54;0;1
Maria 55;55-Maria55;1;0
Maria 56;56-Maria56;1;0
Joao 57;57-Joao57;0;1
Joao 58;58-Joao58;0;1
Joao 59;59-Joao59;0;1
Maria 60;60-Maria60;0;0
Maria 61;61-Maria61;0;0
Joao 62;62-Joao62;1;1
Maria 63;63-Joao63;1;0
Joao 64;64-Joao64;1;1
Maria 65;65-Joao65;0;0
Maria 66;66-Joao66;1;0
Joao 67;67-Joao67;1;1
Maria 68;68-Maria68;1;0
Joao 69;69-Maria69;1;1
Maria 70;70-Maria70;0;0
Maria 71;71-Maria71;1;0
Joao 72;72-Maria72;1;1
Maria 73;73-Joao73;0;0
Joao 74;74-Maria74;1;1
Joao 75;75-Maria75;0;1
Maria 76;76-Joao76;0;0
Joao 77;77-Joao77;1;1
Maria 78;78-Maria78;0;0
Maria 79;79-Maria79;1;0
Joao 80;80-Joao80;0;1
Joao 81;81-Maria81;1;1
Maria 82;82-Joao82;0;0
Joao 83;83-Joao83;0;1
Maria 84;84-Joao84;0;0
Maria 85;85-Maria85;1;0
Maria 86;86-Joao86;1;0
Joao 87;87-Maria87;0;1
Joao 88;88-Maria88;0;1
Joao 89;89-Joao89;1;1
Maria 90;90-Joao90;1;0
Joao 91;91-Joao91;0;1
Maria 92;92-Joao92;0;0
Joao 93;93-Joao93;1;1
Maria 94;94-Maria94;1;0
Joao 95;95-Joao95;1;1
Maria 96;96-Joao96;1;0
Maria 97;97-Maria97;0;0
Maria 98;98-Maria98;0;0
Joao 99;99-Joao99;0;1
Maria 100;100-Maria100;0;0
Maria 101;101-Maria101;1;0
Joao 102;102-Maria102;1;1
Joao 103;103-Maria103;0;1
Joao 104;104-Joao104;1;1
Joao 105;105-Maria105;1;1
Maria 106;106-Maria106;1;0
Joao 107;107-Maria107;0;1
Joao 108;108-Maria108;0;1
Joao 109;109-Joao109;1;1
Joao 110;110-Joao110;1;1
Maria 111;111-Joao111;1;0
Joao 112;112-Maria112;1;1
Maria 113;113-Joao113;0;0
Joao 114;114-Joao114;1;1
Maria 115;115-Maria115;1;0
Maria 116;116-Maria116;1;0
Maria 117;117-Joao117;0;0
Joao 118;118-Maria118;0;1
Maria 119;119-Maria119;0;0
Joao 120;120-Maria120;0;1
Maria 121;121-Maria121;0;0
Joao 122;122-Joao122;1;1
Joao 123;123-Joao123;0;1
Maria 124;124-Maria124;1;0
Maria 125;125-Joao125;1;0
Joao 126;126-Joao126;1;1
Joao 127;127-Maria127;0;1
Maria 128;128-Maria128;0;0
Joao 129;129-Maria129;0;1
Joao 130;130-Joao130;1;1
Maria 131;131-Joao131;0;0
Joao 132;132-Joao132;0;1
Joao 133;133-Joao133;1;1
Joao 134;134-Maria134;0;1
Joao 135;135-Maria135;0;1
Maria 136;136-Maria136;1;0
Joao 137;137-Maria137;0;1
Joao 138;138-Maria138;0;1
Maria 139;139-Joao139;0;0
Joao 140;140-Joao140;1;1
Joao 141;141-Joao141;1;1
Joao 142;142-Joao142;0;1
Maria 143;143-Maria143;0;0
Joao 144;144-Joao144;0;1
Maria 145;145-Maria145;0;0
Joao 146;146-Maria146;0;1
Maria 147;147-Maria147;1;0
Maria 148;148-Joao148;0;0
Joao 149;149-Maria149;1;1
Maria 150;150-Maria150;1;0
Joao 151;151-Joao151;1;1
Joao 152;152-Joao152;1;1
Maria 153;153-Maria153;0;0
Maria 154;154-Joao154;1;0
Maria 155;155-Maria155;1;0
Joao 156;156-Maria156;1;1
Maria 157;157-Joao157;0;0
Maria 158;158-Joao158;0;0
Maria 159;159-Joao159;0;0
Joao 160;160-Maria160;0;1
Joao 161;161-Maria161;1;1
Maria 162;162-Joao162;1;0
Maria 163;163-Joao163;1;0
Joao 164;164-Maria164;0;1
Joao 165;165-Maria165;1;1
Maria 166;166-Joao166;1;0
Maria 167;167-Maria167;0;0
Maria 168;168-Joao168;0;0
Joao 169;169-Joao169;0;1
Maria 170;170-Maria170;0;0
Maria 171;171-Joao171;0;0
Maria 172;172-Maria172;1;0
Maria 173;173-Joao173;0;0
Maria 174;174-Maria174;1;0
Joao 175;175-Joao175;1;1
Maria 176;176-Joao176;1;0
Maria 177;177-Joao177;1;0
Joao 178;178-Joao178;1;1
Joao 179;179-Joao179;1;1
Joao 180;180-Joao180;0;1
Maria 181;181-Maria181;1;0
Maria 182;182-Joao182;0;0
Maria 183;183-Maria183;1;0
Joao 184;184-Joao184;1;1
Joao 185;185-Maria185;0;1
Maria 186;186-Maria186;0;0
Maria 187;187-Maria187;0;0
Maria 188;188-Joao188;0;0
Maria 189;189-Maria189;1;0
Maria 190;190-Maria190;1;0
Maria 191;191-Maria191;1;0
Joao 192;192-Maria192;1;1
Maria 193;193-Maria193;0;0
Joao 194;194-Maria194;1;1
Joao 195;195-Joao195;0;1
Joao 196;196-Joao196;1;1
Joao 197;197-Maria197;1;1
Joao 198;198-Maria198;0;1
Joao 199;199-Joao199;0;1
Joao 200;200-Maria200;0;1
Maria 201;201-Maria201;1;0
Maria 202;202-Joao202;1;0
Maria 203;203-Joao203;0;0
Joao 204;204-Maria204;0;1
Maria 205;205-Joao205;0;0
Joao 206;206-Joao206;0;1
Maria 207;207-Maria207;1;0
Joao 208;208-Maria208;1;1
Maria 209;209-Maria209;0;0
Maria 210;210-Maria210;1;0
Joao 211;211-Maria211;0;1
Joao 212;212-Joao212;1;1
Joao 213;213-Maria213;1;1
Joao 214;214-Maria214;0;1
Maria 215;215-Maria215;0;0
Joao 216;216-Joao216;0;1
Joao 217;217-Joao217;0;1
Joao 218;218-Joao218;0;1
Maria 219;219-Maria219;1;0
Maria 220;220-Maria220;1;0
Joao 221;221-Joao221;1;1
Maria 222;222-Joao222;1;0
Maria 223;223-Joao223;1;0
Maria 224;224-Joao224;1;0
Joao 225;225-Maria225;0;1
Joao 226;226-Joao226;1;1
Maria 227;227-Joao227;1;0
Maria 228;228-Joao228;0;0
Joao 229;229-Maria229;1;1
Maria 230;230-Joao230;1;0
Joao 231;231-Joao231;0;1
Maria 232;232-Maria232;1;0
Maria 233;233-Joao233;0;0
Joao 234;234-Maria234;1;1
Joao 235;235-Joao235;1;1
Maria 236;236-Joao236;1;0
Maria 237;237-Maria237;0;0
Maria 238;238-Maria238;1;0
Joao 239;239-Maria239;0;1
Joao 240;240-Maria240;0;1
Joao 241;241-Maria241;0;1
Maria 242;242-Joao242;1;0
Maria 243;243-Maria243;1;0
Maria 244;244-Joao244;0;0
Maria 245;245-Joao245;0;0
Maria 246;246-Joao246;1;0
Joao 247;247-Joao247;0;1
Maria 248;248-Joao248;1;0
Joao 249;249-Maria249;1;1
Joao 250;250-Maria250;0;1
Joao 251;251-Joao251;0;1
Maria 252;252-Maria252;1;0
Maria 253;253-Maria253;0;0
Maria 254;254-Joao254;1;0
Maria 255;255-Maria255;0;0
Maria 256;256-Joao256;0;0
Joao 257;257-Maria257;0;1
Joao 258;258-Maria258;1;1
Maria 259;259-Maria259;0;0
Joao 260;260-Joao260;1;1
Maria 261;261-Joao261;0;0
Maria 262;262-Maria262;0;0
Maria 263;263-Joao263;0;0
Maria 264;264-Joao264;1;0
Joao 265;265-Joao265;1;1
Joao 266;266-Maria266;1;1
Joao 267;267-Maria267;1;1
Joao 268;268-Joao268;0;1
Joao 269;269-Maria269;1;1
Maria 270;270-Joao270;0;0
Maria 271;271-Joao271;1;0
Joao 272;272-Joao272;1;1
Maria 273;273-Maria273;0;0
Joao 274;274-Joao274;1;1
Maria 275;275-Joao275;1;0
Maria 276;276-Maria276;1;0
Joao 277;277-Maria277;1;1
Maria 278;278-Maria278;0;0
Maria 279;279-Maria279;0;0
Maria 280;280-Maria280;1;0
Joao 281;281-Joao281;1;1
Joao 282;282-Joao282;0;1
Joao 283;283-Joao283;1;1
Maria 284;284-Joao284;0;0
Maria 285;285-Maria285;0;0
Joao 286;286-Maria286;1;1
Joao 287;287-Joao287;1;1
Joao 288;288-Maria288;0;1
Joao 289;289-Joao289;0;1
Joao 290;290-Joao290;1;1
Maria 291;291-Joao291;1;0
Joao 292;292-Joao292;1;1
Maria 293;293-Joao293;0;0
Joao 294;294-Maria294;1;1
Joao 295;295-Joao295;1;1
Joao 296;296-Joao296;1;1
Joao 297;297-Maria297;0;1
Joao 298;298-Maria298;0;1
Maria 299;299-Joao299;1;0
Joao 300;300-Maria300;0;1
Joao 301;301-Maria301;0;1
Maria 302;302-Maria302;1;0
Maria 303;303-Joao303;0;0
Joao 304;304-Joao304;0;1
Joao 305;305-Joao305;1;1
Joao 306;306-Maria306;0;1
Maria 307;307-Maria307;1;0
Maria 308;308-Maria308;1;0
Maria 309;309-Maria309;1;0
Maria 310;310-Joao310;0;0
Maria 311;311-Maria311;0;0
Joao 312;312-Joao312;0;1
Maria 313;313-Joao313;0;0
Maria 314;314-Joao314;0;0
Maria 315;315-Maria315;0;0
Maria 316;316-Joao316;0;0
Maria 317;317-Maria317;0;0
Joao 318;318-Maria318;1;1
Maria 319;319-Joao319;1;0
Joao 320;320-Maria320;0;1
Joao 321;321-Joao321;1;1
Joao 322;322-Maria322;0;1
Joao 323;323-Maria323;0;1
Joao 324;324-Maria324;0;1
Joao 325;325-Maria325;0;1
Maria 326;326-Maria326;0;0
Joao 327;327-Maria327;0;1
Maria 328;328-Joao328;1;0
Maria 329;329-Maria329;0;0
Joao 330;330-Maria330;0;1
Joao 331;331-Joao331;0;1
Joao 332;332-Maria332;1;1
Joao 333;333-Joao333;1;1
Maria 334;334-Maria334;0;0
Joao 335;335-Maria335;1;1
Maria 336;336-Joao336;0;0
Maria 337;337-Joao337;1;0
Joao 338;338-Joao338;1;1
Joao 339;339-Maria339;1;1
Maria 340;340-Joao340;1;0
Maria 341;341-Maria341;1;0
Joao 342;342-Maria342;0;1
Maria 343;343-Maria343;0;0
Joao 344;344-Joao344;0;1
Maria 345;345-Joao345;1;0
Maria 346;346-Maria346;0;0
Joao 347;347-Maria347;1;1
Maria 348;348-Joao348;0;0
Maria 349;349-Joao349;0;0
Maria 350;350-Joao350;1;0
Maria 351;351-Maria351;0;0
Maria 352;352-Maria352;0;0
Joao 353;353-Joao353;1;1
Maria 354;354-Joao354;1;0
Joao 355;355-Maria355;1;1
Joao 356;356-Maria356;0;1
Joao 357;357-Joao357;1;1
Maria 358;358-Joao358;0;0
Maria 359;359-Maria359;0;0
Maria 360;360-Joao360;1;0
Maria 361;361-Joao361;1;0
Maria 362;362-Joao362;1;0
Maria 363;363-Joao363;1;0
Maria 364;364-Maria364;1;0
Maria 365;365-Joao365;1;0
Joao 366;366-Joao366;0;1
Maria 367;367-Maria367;1;0
Maria 368;368-Joao368;1;0
Maria 369;369-Joao369;0;0
Maria 370;370-Joao370;0;0
Joao 371;371-Joao371;0;1
Maria 372;372-Joao372;1;0
Maria 373;373-Maria373;1;0
Maria 374;374-Maria374;0;0
Maria 375;375-Joao375;1;0
Joao 376;376-Maria376;1;1
Maria 377;377-Joao377;0;0
Joao 378;378-Maria378;1;1
Maria 379;379-Joao379;0;0
Maria 380;380-Joao380;0;0
Maria 381;381-Joao381;1;0
Joao 382;382-Joao382;0;1
Joao 383;383-Joao383;0;1
Joao 384;384-Joao384;0;1
Joao 385;385-Joao385;1;1
Joao 386;386-Maria386;0;1
Maria 387;387-Maria387;0;0
Maria 388;388-Joao388;0;0
Joao 389;389-Maria389;1;1
Maria 390;390-Maria390;1;0
Joao 391;391-Maria391;0;1
Maria 392;392-Joao392;1;0
Maria 393;393-Joao393;1;0
Maria 394;394-Maria394;1;0
Joao 395;395-Joao395;1;1
Joao 396;396-Joao396;1;1
Joao 397;397-Joao397;0;1
Maria 398;398-Joao398;1;0
Maria 399;399-Joao399;1;0
Maria 400;400-Maria400;1;0
Joao 401;401-Maria401;1;1
Maria 402;402-Joao402;1;0
Joao 403;403-Maria403;1;1
Maria 404;404-Maria404;0;0
Maria 405;405-Maria405;1;0
Maria 406;406-Joao406;0;0
Maria 407;407-Joao407;1;0
Joao 408;408-Maria408;1;1
Joao 409;409-Maria409;0;1
Joao 410;410-Joao410;1;1
Maria 411;411-Joao411;1;0
Maria 412;412-Maria412;0;0
Joao 413;413-Maria413;1;1
Joao 414;414-Joao414;0;1
Joao 415;415-Joao415;0;1
Maria 416;416-Joao416;1;0
Joao 417;417-Maria417;0;1
Joao 418;418-Maria418;1;1
Joao 419;419-Maria419;1;1
Joao 420;420-Maria420;0;1
Joao 421;421-Maria421;0;1
Maria 422;422-Joao422;1;0
Maria 423;423-Joao423;0;0
Maria 424;424-Maria424;0;0
Maria 425;425-Joao425;1;0
Joao 426;426-Maria426;1;1
Maria 427;427-Maria427;1;0
Joao 428;428-Maria428;1;1
Joao 429;429-Joao429;1;1
Joao 430;430-Maria430;0;1
Joao 431;431-Joao431;0;1
Maria 432;432-Joao432;1;0
Maria 433;433-Joao433;0;0
Joao 434;434-Joao434;0;1
Maria 435;435-Joao435;1;0
Joao 436;436-Joao436;1;1
Maria 437;437-Maria437;1;0
Maria 438;438-Joao438;1;0
Maria 439;439-Maria439;0;0
Joao 440;440-Maria440;0;1
Joao 441;441-Joao441;0;1
Joao 442;442-Maria442;1;1
Maria 443;443-Maria443;1;0
Joao 444;444-Joao444;1;1
Joao 445;445-Joao445;0;1
Maria 446;446-Maria446;0;0
Joao 447;447-Maria447;1;1
Joao 448;448-Maria448;1;1
Maria 449;449-Joao449;1;0
Joao 450;450-Joao450;1;1
Maria 451;451-Maria451;0;0
Joao 452;452-Maria452;0;1
Joao 453;453-Joao453;0;1
Maria 454;454-Maria454;0;0
Maria 455;455-Joao455;0;0
Joao 456;456-Maria456;1;1
Joao 457;457-Joao457;0;1
Joao 458;458-Joao458;0;1
Maria 459;459-Joao459;0;0
Joao 460;460-Joao460;0;1
Joao 461;461-Maria461;0;1
Joao 462;462-Maria462;1;1
Joao 463;463-Joao463;1;1
Maria 464;464-Maria464;0;0
Maria 465;465-Joao465;0;0
Maria 466;466-Joao466;1;0
Joao 467;467-Maria467;1;1
Maria 468;468-Joao468;0;0
Maria 469;469-Joao469;1;0
Joao 470;470-Maria470;0;1
Joao 471;471-Joao471;1;1
Joao 472;472-Joao472;0;1
Joao 473;473-Joao473;0;1
Maria 474;474-Maria474;1;0
Maria 475;475-Joao475;0;0
Joao 476;476-Maria476;1;1
Maria 477;477-Joao477;1;0
Maria 478;478-Maria478;1;0
Maria 479;479-Joao479;0;0
Joao 480;480-Joao480;1;1
Maria 481;481-Maria481;0;0
Joao 482;482-Joao482;0;1
Joao 483;483-Joao483;0;1
Maria 484;484-Joao484;0;0
Joao 485;485-Joao485;0;1
Maria 486;486-Maria486;1;0
Maria 487;487-Joao487;1;0
Joao 488;488-Maria488;0;1
Joao 489;489-Maria489;1;1
Maria 490;490-Joao490;1;0
Joao 491;491-Maria491;0;1
Maria 492;492-Joao492;0;0
Joao 493;493-Maria493;1;1
Joao 494;494-Maria494;0;1
Maria 495;495-Maria495;1;0
Joao 496;496-Joao496;1;1
Joao 497;497-Joao497;0;1
Joao 498;498-Maria498;1;1
Maria 499;499-Maria499;1;0
Joao 500;500-Joao500;1;1
Joao 501;501-Maria501;1;1
Joao 502;502-Joao502;0;1
Joao 503;503-Joao503;1;1
Maria 504;504-Joao504;1;0
Joao 505;505-Joao505;0;1
Maria 506;506-Maria506;0;0
Maria 507;507-Maria507;0;0
Maria 508;508-Joao508;0;0
Joao 509;509-Maria509;0;1
Joao 510;510-Maria510;1;1
Maria 511;511-Maria511;0;0
Joao 512;512-Joao512;0;1
Joao 513;513-Joao513;1;1
Joao 514;514-Joao514;1;1
Maria 515;515-Maria515;1;0
Maria 516;516-Joao516;1;0
Maria 517;517-Joao517;0;0
Maria 518;518-Maria518;0;0
Maria 519;519-Joao519;0;0
Maria 520;520-Maria520;0;0
Maria 521;521-Maria521;0;0
Maria 522;522-Maria522;1;0
Joao 523;523-Joao523;1;1
Maria 524;524-Maria524;0;0
Joao 525;525-Joao525;0;1
Maria 526;526-Maria526;0;0
Maria 527;527-Joao527;0;0
Maria 528;528-Maria528;1;0
Joao 529;529-Joao529;1;1
Joao 530;530-Joao530;1;1
Joao 531;531-Joao531;1;1
Maria 532;532-Joao532;1;0
Joao 533;533-Maria533;1;1
Joao 534;534-Maria534;0;1
Maria 535;535-Maria535;0;0
Joao 536;536-Maria536;1;1
Joao 537;537-Maria537;0;1
Maria 538;538-Maria538;1;0
Maria 539;539-Joao539;0;0
Joao 540;540-Maria540;0;1
Maria 541;541-Joao541;0;0
Maria 542;542-Joao542;0;0
Joao 543;543-Joao543;0;1
Maria 544;544-Maria544;0;0
Joao 545;545-Joao545;1;1
Joao 546;546-Joao546;0;1
Maria 547;547-Maria547;0;0
Joao 548;548-Maria548;0;1
Joao 549;549-Joao549;0;1
Maria 550;550-Maria550;0;0
Joao 551;551-Maria551;0;1
Maria 552;552-Joao552;0;0
Maria 553;553-Joao553;0;0
Joao 554;554-Maria554;1;1
Maria 555;555-Joao555;1;0
Maria 556;556-Joao556;1;0
Joao 557;557-Maria557;0;1
Joao 558;558-Joao558;0;1
Maria 559;559-Maria559;0;0
Maria 560;560-Joao560;0;0
Joao 561;561-Joao561;0;1
Joao 562;562-Maria562;0;1
Maria 563;563-Maria563;0;0
Joao 564;564-Joao564;0;1
Maria 565;565-Maria565;0;0
Joao 566;566-Maria566;0;1
Maria 567;567-Maria567;1;0
Joao 568;568-Maria568;1;1
Maria 569;569-Maria569;0;0
Maria 570;570-Joao570;0;0
Joao 571;571-Maria571;1;1
Joao 572;572-Joao572;1;1
Maria 573;573-Maria573;0;0
Joao 574;574-Maria574;1;1
Maria 575;575-Maria575;1;0
Joao 576;576-Maria576;0;1
Joao 577;577-Maria577;0;1
Maria 578;578-Maria578;0;0
Joao 579;579-Joao579;1;1
Maria 580;580-Joao580;1;0
Joao 581;581-Joao581;0;1
Joao 582;582-Joao582;0;1
Joao 583;583-Joao583;1;1
Joao 584;584-Joao584;0;1
Maria 585;585-Joao585;1;0
Joao 586;586-Maria586;1;1
Joao 587;587-Maria587;1;1
Joao 588;588-Maria588;1;1
Joao 589;589-Maria589;1;1
Joao 590;590-Joao590;1;1
Maria 591;591-Joao591;1;0
Joao 592;592-Maria592;1;1
Joao 593;593-Maria593;0;1
Maria 594;594-Joao594;0;0
Joao 595;595-Maria595;0;1
Maria 596;596-Joao596;1;0
Maria 597;597-Maria597;0;0
Maria 598;598-Joao598;1;0
Maria 599;599-Joao599;1;0
Joao 600;600-Maria600;0;1
Maria 601;601-Joao601;0;0
Maria 602;602-Joao602;0;0
Joao 603;603-Maria603;0;1
Joao 604;604-Maria604;1;1
Joao 605;605-Joao605;0;1
Maria 606;606-Maria606;0;0
Maria 607;607-Joao607;0;0
Maria 608;608-Maria608;0;0
Joao 609;609-Joao609;1;1
Joao 610;610-Joao610;1;1
Maria 611;611-Joao611;0;0
Joao 612;612-Joao612;1;1
Joao 613;613-Maria613;1;1
Maria 614;614-Maria614;0;0
Joao 615;615-Maria615;0;1
Joao 616;616-Maria616;1;1
Joao 617;617-Joao617;0;1
Joao 618;618-Maria618;0;1
Joao 619;619-Joao619;0;1
Joao 620;620-Maria620;0;1
Maria 621;621-Maria621;0;0
Maria 622;622-Maria622;1;0
Joao 623;623-Joao623;1;1
Maria 624;624-Maria624;1;0
Maria 625;625-Maria625;0;0
Maria 626;626-Maria626;0;0
Joao 627;627-Joao627;0;1
Joao 628;628-Maria628;0;1
Joao 629;629-Joao629;0;1
Joao 630;630-Joao630;0;1
Joao 631;631-Joao631;0;1
Maria 632;632-Maria632;1;0
Maria 633;633-Joao633;0;0
Maria 634;634-Joao634;0;0
Maria 635;635-Maria635;0;0
Maria 636;636-Maria636;1;0
Joao 637;637-Maria637;0;1
Joao 638;638-Maria638;0;1
Maria 639;639-Maria639;0;0
Joao 640;640-Joao640;1;1
Joao 641;641-Joao641;1;1
Maria 642;642-Joao642;1;0
Maria 643;643-Joao643;1;0
Maria 644;644-Maria644;1;0
Joao 645;645-Maria645;1;1
Maria 646;646-Maria646;1;0
Maria 647;647-Joao647;0;0
Joao 648;648-Maria648;1;1
Maria 649;649-Maria649;1;0
Joao 650;650-Joao650;1;1
Maria 651;651-Joao651;0;0
Maria 652;652-Joao652;1;0
Maria 653;653-Maria653;0;0
Maria 654;654-Joao654;0;0
Joao 655;655-Joao655;0;1
Maria 656;656-Joao656;1;0
Maria 657;657-Joao657;1;0
Maria 658;658-Maria658;1;0
Maria 659;659-Joao659;0;0
Joao 660;660-Maria660;1;1
Joao 661;661-Joao661;0;1
Joao 662;662-Joao662;1;1
Joao 663;663-Joao663;0;1
Joao 664;664-Maria664;1;1
Maria 665;665-Maria665;1;0
Maria 666;666-Joao666;1;0
Maria 667;667-Maria667;0;0
Joao 668;668-Joao668;0;1
Maria 669;669-Joao669;0;0
Maria 670;670-Joao670;1;0
Joao 671;671-Joao671;0;1
Joao 672;672-Maria672;0;1
Maria 673;673-Maria673;1;0
Joao 674;674-Maria674;1;1
Maria 675;675-Joao675;1;0
Maria 676;676-Maria676;1;0
Joao 677;677-Joao677;1;1
Joao 678;678-Joao678;1;1
Joao 679;679-Maria679;0;1
Maria 680;680-Joao680;1;0
Joao 681;681-Maria681;0;1
Maria 682;682-Joao682;1;0
Joao 683;683-Maria683;1;1
Maria 684;684-Joao684;0;0
Joao 685;685-Maria685;0;1
Joao 686;686-Maria686;1;1
Joao 687;687-Maria687;0;1
Maria 688;688-Maria688;0;0
Maria 689;689-Joao689;0;0
Maria 690;690-Joao690;0;0
Maria 691;691-Joao691;0;0
Maria 692;692-Joao692;0;0
Maria 693;693-Joao693;1;0
Joao 694;694-Joao694;1;1
Joao 695;695-Maria695;0;1
Joao 696;696-Joao696;0;1
Maria 697;697-Maria697;0;0
Joao 698;698-Joao698;0;1
Maria 699;699-Maria699;1;0
Joao 700;700-Maria700;0;1
Maria 701;701-Joao701;0;0
Joao 702;702-Joao702;1;1
Maria 703;703-Joao703;1;0
Maria 704;704-Joao704;1;0
Maria 705;705-Maria705;1;0
Joao 706;706-Joao706;1;1
Joao 707;707-Joao707;1;1
Joao 708;708-Joao708;1;1
Maria 709;709-Maria709;0;0
Joao 710;710-Joao710;1;1
Maria 711;711-Maria711;0;0
Joao 712;712-Maria712;0;1
Joao 713;713-Joao713;1;1
Joao 714;714-Joao714;1;1
Maria 715;715-Maria715;1;0
Maria 716;716-Maria716;0;0
Joao 717;717-Joao717;0;1
Maria 718;718-Maria718;1;0
Joao 719;719-Maria719;0;1
Joao 720;720-Joao720;1;1
Joao 721;721-Joao721;0;1
Joao 722;722-Maria722;0;1
Joao 723;723-Joao723;1;1
Maria 724;724-Maria724;0;0
Joao 725;725-Joao725;1;1
Maria 726;726-Maria726;1;0
Joao 727;727-Joao727;1;1
Joao 728;728-Maria728;0;1
Joao 729;729-Joao729;0;1
Maria 730;730-Joao730;1;0
Maria 731;731-Joao731;0;0
Maria 732;732-Joao732;0;0
Maria 733;733-Joao733;1;0
Joao 734;734-Maria734;1;1
Maria 735;735-Maria735;0;0
Maria 736;736-Joao736;1;0
Joao 737;737-Joao737;0;1
Maria 738;738-Joao738;0;0
Joao 739;739-Maria739;0;1
Joao 740;740-Maria740;0;1
Maria 741;741-Maria741;1;0
Joao 742;742-Joao742;1;1
Maria 743;743-Joao743;0;0
Maria 744;744-Joao744;0;0
Joao 745;745-Joao745;0;1
Maria 746;746-Maria746;1;0
Maria 747;747-Maria747;1;0
Joao 748;748-Joao748;1;1
Joao 749;749-Joao749;1;1
Joao 750;750-Joao750;0;1
Joao 751;751-Joao751;1;1
Maria 752;752-Maria752;0;0
Maria 753;753-Joao753;0;0
Maria 754;754-Maria754;0;0
Joao 755;755-Joao755;1;1
Joao 756;756-Joao756;1;1
Joao 757;757-Maria757;1;1
Joao 758;758-Maria758;1;1
Maria 759;759-Maria759;1;0
Joao 760;760-Joao760;1;1
Joao 761;761-Joao761;0;1
Joao 762;762-Joao762;0;1
Joao 763;763-Joao763;0;1
Joao 764;764-Maria764;0;1
Joao 765;765-Maria765;0;1
Joao 766;766-Maria766;0;1
Joao 767;767-Maria767;0;1
Joao 768;768-Joao768;0;1
Maria 769;769-Joao769;1;0
Maria 770;770-Joao770;1;0
Maria 771;771-Maria771;0;0
Joao 772;772-Maria772;0;1
Joao 773;773-Joao773;1;1
Joao 774;774-Maria774;0;1
Joao 775;775-Maria775;1;1
Joao 776;776-Joao776;1;1
Joao 777;777-Joao777;1;1
Joao 778;778-Maria778;1;1
Joao 779;779-Joao779;1;1
Joao 780;780-Joao780;1;1
Maria 781;781-Maria781;0;0
Maria 782;782-Maria782;1;0
Maria 783;783-Maria783;0;0
Maria 784;784-Maria784;1;0
Maria 785;785-Maria785;0;0
Maria 786;786-Joao786;0;0
Maria 787;787-Maria787;0;0
Maria 788;788-Joao788;1;0
Joao 789;789-Maria789;1;1
Joao 790;790-Joao790;1;1
Maria 791;791-Maria791;1;0
Maria 792;792-Joao792;0;0
Joao 793;793-Maria793;0;1
Maria 794;794-Joao794;1;0
Maria 795;795-Maria795;0;0
Maria 796;796-Joao796;0;0
Joao 797;797-Maria797;0;1
Joao 798;798-Maria798;1;1
Maria 799;799-Joao799;1;0
Maria 800;800-Joao800;1;0
Maria 801;801-Joao801;0;0
Maria 802;802-Maria802;0;0
Maria 803;803-Maria803;0;0
Joao 804;804-Joao804;1;1
Joao 805;805-Maria805;1;1
Joao 806;806-Joao806;0;1
Maria 807;807-Maria807;1;0
Joao 808;808-Joao808;1;1
Maria 809;809-Maria809;1;0
Maria 810;810-Joao810;1;0
Maria 811;811-Maria811;0;0
Joao 812;812-Maria812;1;1
Joao 813;813-Maria813;1;1
Maria 814;814-Maria814;1;0
Maria 815;815-Joao815;1;0
Joao 816;816-Maria816;1;1
Joao 817;817-Joao817;1;1
Maria 818;818-Joao818;0;0
Maria 819;819-Joao819;1;0
Joao 820;820-Joao820;0;1
Maria 821;821-Maria821;1;0
Joao 822;822-Joao822;1;1
Maria 823;823-Joao823;1;0
Joao 824;824-Joao824;1;1
Joao 825;825-Joao825;1;1
Joao 826;826-Maria826;0;1
Joao 827;827-Joao827;1;1
Maria 828;828-Maria828;1;0
Joao 829;829-Maria829;0;1
Maria 830;830-Maria830;1;0
Joao 831;831-Joao831;1;1
Maria 832;832-Joao832;1;0
Joao 833;833-Joao833;1;1
Joao 834;834-Joao834;0;1
Maria 835;835-Joao835;0;0
Joao 836;836-Joao836;0;1
Joao 837;837-Joao837;1;1
Maria 838;838-Joao838;1;0
Joao 839;839-Maria839;0;1
Joao 840;840-Maria840;0;1
Maria 841;841-Maria841;1;0
Joao 842;842-Joao842;0;1
Maria 843;843-Joao843;0;0
Joao 844;844-Joao844;1;1
Maria 845;845-Joao845;1;0
Joao 846;846-Maria846;0;1
Joao 847;847-Joao847;1;1
Joao 848;848-Maria848;0;1
Joao 849;849-Maria849;0;1
Maria 850;850-Joao850;0;0
Maria 851;851-Joao851;0;0
Joao 852;852-Joao852;0;1
Maria 853;853-Joao853;1;0
Joao 854;854-Maria854;1;1
Joao 855;855-Maria855;0;1
Maria 856;856-Maria856;0;0
Maria 857;857-Joao857;0;0
Joao 858;858-Joao858;1;1
Joao 859;859-Maria859;1;1
Maria 860;860-Joao860;1;0
Maria 861;861-Maria861;0;0
Joao 862;862-Joao862;1;1
Joao 863;863-Joao863;0;1
Maria 864;864-Joao864;0;0
Maria 865;865-Maria865;0;0
Joao 866;866-Joao866;0;1
Maria 867;867-Maria867;0;0
Joao 868;868-Maria868;1;1
Joao 869;869-Maria869;1;1
Maria 870;870-Maria870;0;0
Joao 871;871-Maria871;1;1
Joao 872;872-Maria872;0;1
Joao 873;873-Joao873;1;1
Maria 874;874-Maria874;0;0
Joao 875;875-Joao875;1;1
Joao 876;876-Maria876;0;1
Joao 877;877-Joao877;1;1
Maria 878;878-Maria878;0;0
Joao 879;879-Maria879;0;1
Maria 880;880-Joao880;1;0
Maria 881;881-Joao881;0;0
Maria 882;882-Joao882;0;0
Joao 883;883-Joao883;1;1
Joao 884;884-Maria884;0;1
Maria 885;885-Maria885;1;0
Joao 886;886-Maria886;1;1
Joao 887;887-Maria887;0;1
Joao 888;888-Joao888;1;1
Maria 889;889-Joao889;0;0
Joao 890;890-Maria890;0;1
Maria 891;891-Maria891;0;0
Maria 892;892-Maria892;0;0
Maria 893;893-Maria893;0;0
Maria 894;894-Joao894;0;0
Joao 895;895-Joao895;0;1
Joao 896;896-Joao896;1;1
Maria 897;897-Joao897;0;0
Maria 898;898-Joao898;0;0
Joao 899;899-Maria899;0;1
Joao 900;900-Joao900;1;1
Joao 901;901-Maria901;0;1
Maria 902;902-Maria902;0;0
Maria 903;903-Maria903;1;0
Joao 904;904-Maria904;0;1
Joao 905;905-Maria905;1;1
Joao 906;906-Joao906;1;1
Joao 907;907-Joao907;0;1
Maria 908;908-Maria908;0;0
Maria 909;909-Joao909;0;0
Maria 910;910-Maria910;0;0
Joao 911;911-Maria911;1;1
Joao 912;912-Maria912;0;1
Joao 913;913-Joao913;1;1
Maria 914;914-Joao914;1;0
Joao 915;915-Joao915;1;1
Joao 916;916-Joao916;1;1
Joao 917;917-Joao917;0;1
Joao 918;918-Maria918;1;1
Joao 919;919-Maria919;1;1
Maria 920;920-Joao920;1;0
Maria 921;921-Joao921;1;0
Joao 922;922-Joao922;0;1
Maria 923;923-Maria923;1;0
Maria 924;924-Maria924;0;0
Maria 925;925-Joao925;0;0
Joao 926;926-Joao926;0;1
Maria 927;927-Joao927;0;0
Maria 928;928-Joao928;0;0
Maria 929;929-Maria929;1;0
Maria 930;930-Maria930;0;0
Joao 931;931-Maria931;0;1
Maria 932;932-Maria932;1;0
Joao 933;933-Joao933;1;1
Joao 934;934-Joao934;1;1
Joao 935;935-Joao935;1;1
Maria 936;936-Maria936;1;0
Joao 937;937-Joao937;1;1
Joao 938;938-Maria938;1;1
Joao 939;939-Maria939;1;1
Maria 940;940-Joao940;0;0
Maria 941;941-Maria941;0;0
Joao 942;942-Maria942;0;1
Maria 943;943-Maria943;1;0
Maria 944;944-Joao944;0;0
Joao 945;945-Maria945;0;1
Maria 946;946-Joao946;1;0
Joao 947;947-Maria947;1;1
Maria 948;948-Joao948;1;0
Joao 949;949-Joao949;1;1
Maria 950;950-Joao950;0;0
Maria 951;951-Maria951;0;0
Maria 952;952-Joao952;0;0
Joao 953;953-Maria953;0;1
Maria 954;954-Joao954;0;0
Maria 955;955-Maria955;0;0
Joao 956;956-Maria956;1;1
Maria 957;957-Maria957;0;0
Joao 958;958-Joao958;0;1
Joao 959;959-Joao959;0;1
Joao 960;960-Joao960;0;1
Joao 961;961-Joao961;1;1
Maria 962;962-Joao962;1;0
Maria 963;963-Maria963;1;0
Maria 964;964-Joao964;0;0
Joao 965;965-Maria965;1;1
Maria 966;966-Maria966;0;0
Joao 967;967-Maria967;0;1
Maria 968;968-Maria968;0;0
Joao 969;969-Joao969;1;1
Maria 970;970-Joao970;0;0
Maria 971;971-Maria971;1;0
Joao 972;972-Maria972;1;1
Maria 973;973-Joao973;1;0
Maria 974;974-Maria974;0;0
Joao 975;975-Maria975;1;1
Maria 976;976-Joao976;1;0
Joao 977;977-Maria977;1;1
Joao 978;978-Maria978;0;1
Joao 979;979-Maria979;1;1
Maria 980;980-Joao980;1;0
Joao 981;981-Joao981;0;1
Joao 982;982-Maria982;0;1
Maria 983;983-Maria983;0;0
Maria 984;984-Joao984;1;0
Maria 985;985-Maria985;0;0
Joao 986;986-Joao986;0;1
Joao 987;987-Maria987;1;1
Joao 988;988-Maria988;1;1
Joao 989;989-Joao989;1;1
Joao 990;990-Joao990;1;1
Joao 991;991-Maria991;1;1
Maria 992;992-Maria992;1;0
Joao 993;993-Joao993;1;1
Joao 994;994-Joao994;0;1
Joao 995;995-Joao995;1;1
Joao 996;996-Joao996;1;1
Maria 997;997-Maria997;0;0
Joao 998;998-Maria998;1;1
Joao 999;999-Maria999;0;1
Maria 1000;1000-Joao1000;0;0
Joao 1001;1001-Joao1001;1;1
Joao 1002;1002-Joao1002;1;1
Joao 1003;1003-Maria1003;1;1
Joao 1004;1004-Joao1004;0;1
Maria 1005;1005-Maria1005;1;0
Joao 1006;1006-Joao1006;1;1
Maria 1007;1007-Maria1007;0;0
Joao 1008;1008-Maria1008;1;1
Joao 1009;1009-Maria1009;0;1
Joao 1010;1010-Maria1010;1;1
Maria 1011;1011-Joao1011;1;0
Maria 1012;1012-Maria1012;0;0
Maria 1013;1013-Maria1013;1;0
Joao 1014;1014-Joao1014;1;1
Joao 1015;1015-Maria1015;0;1
Maria 1016;1016-Maria1016;1;0
Maria 1017;1017-Joao1017;1;0
Maria 1018;1018-Joao1018;1;0
Maria 1019;1019-Joao1019;0;0
Maria 1020;1020-Joao1020;1;0
Maria 1021;1021-Joao1021;1;0
Joao 1022;1022-Maria1022;0;1
Maria 1023;1023-Maria1023;1;0
Maria 1024;1024-Joao1024;0;0
Maria 1025;1025-Maria1025;0;0
Maria 1026;1026-Maria1026;1;0
Maria 1027;1027-Joao1027;0;0
Maria 1028;1028-Joao1028;1;0
Joao 1029;1029-Maria1029;1;1
Joao 1030;1030-Joao1030;1;1
Joao 1031;1031-Joao1031;0;1
Joao 1032;1032-Maria1032;1;1
Maria 1033;1033-Maria1033;0;0
Joao 1034;1034-Joao1034;0;1
Joao 1035;1035-Joao1035;1;1
Joao 1036;1036-Joao1036;1;1
Joao 1037;1037-Maria1037;1;1
Maria 1038;1038-Joao1038;1;0
Joao 1039;1039-Joao1039;1;1
Joao 1040;1040-Joao1040;1;1
Maria 1041;1041-Maria1041;1;0
Maria 1042;1042-Joao1042;0;0
Maria 1043;1043-Maria1043;1;0
Maria 1044;1044-Maria1044;0;0
Maria 1045;1045-Joao1045;1;0
Maria 1046;1046-Joao1046;0;0
Joao 1047;1047-Joao1047;0;1
Joao 1048;1048-Joao1048;0;1
Maria 1049;1049-Joao1049;1;0
Joao 1050;1050-Joao1050;1;1
Joao 1051;1051-Maria1051;0;1
Joao 1052;1052-Joao1052;1;1
Maria 1053;1053-Maria1053;1;0
Joao 1054;1054-Joao1054;0;1
Joao 1055;1055-Joao1055;1;1
Maria 1056;1056-Joao1056;1;0
Joao 1057;1057-Maria1057;0;1
Joao 1058;1058-Maria1058;1;1
Maria 1059;1059-Joao1059;1;0
Maria 1060;1060-Joao1060;1;0
Joao 1061;1061-Joao1061;1;1
Joao 1062;1062-Joao1062;1;1
Joao 1063;1063-Joao1063;0;1
Joao 1064;1064-Maria1064;0;1
Maria 1065;1065-Maria1065;0;0
Joao 1066;1066-Maria1066;1;1
Maria 1067;1067-Joao1067;0;0
Maria 1068;1068-Joao1068;1;0
Maria 1069;1069-Maria1069;0;0
Joao 1070;1070-Joao1070;0;1
Joao 1071;1071-Joao1071;0;1
Maria 1072;1072-Joao1072;0;0
Maria 1073;1073-Maria1073;1;0
Maria 1074;1074-Maria1074;0;0
Joao 1075;1075-Maria1075;0;1
Maria 1076;1076-Maria1076;1;0
Maria 1077;1077-Maria1077;1;0
Maria 1078;1078-Joao1078;1;0
Joao 1079;1079-Joao1079;0;1
Joao 1080;1080-Maria1080;1;1
Joao 1081;1081-Maria1081;0;1
Maria 1082;1082-Joao1082;0;0
Maria 1083;1083-Maria1083;0;0
Maria 1084;1084-Joao1084;0;0
Joao 1085;1085-Maria1085;1;1
Maria 1086;1086-Maria1086;0;0
Joao 1087;1087-Joao1087;0;1
Maria 1088;1088-Maria1088;1;0
Maria 1089;1089-Joao1089;1;0
Joao 1090;1090-Maria1090;1;1
Joao 1091;1091-Joao1091;0;1
Maria 1092;1092-Maria1092;0;0
Joao 1093;1093-Maria1093;0;1
Joao 1094;1094-Maria1094;0;1
Joao 1095;1095-Maria1095;1;1
Maria 1096;1096-Joao1096;1;0
Joao 1097;1097-Maria1097;0;1
Maria 1098;1098-Joao1098;1;0
Joao 1099;1099-Joao1099;0;1
Maria 1100;1100-Joao1100;0;0
Maria 1101;1101-Maria1101;1;0
Joao 1102;1102-Maria1102;0;1
Maria 1103;1103-Maria1103;0;0
Maria 1104;1104-Joao1104;1;0
Joao 1105;1105-Joao1105;0;1
Maria 1106;1106-Maria1106;1;0
Maria 1107;1107-Maria1107;0;0
Joao 1108;1108-Maria1108;1;1
Joao 1109;1109-Joao1109;1;1
Maria 1110;1110-Joao1110;1;0
Maria 1111;1111-Maria1111;1;0
Maria 1112;1112-Maria1112;0;0
Maria 1113;1113-Maria1113;0;0
Maria 1114;1114-Joao1114;1;0
Joao 1115;1115-Joao1115;1;1
Joao 1116;1116-Maria1116;1;1
Joao 1117;1117-Joao1117;1;1
Maria 1118;1118-Joao1118;0;0
Maria 1119;1119-Joao1119;1;0
Maria 1120;1120-Joao1120;0;0
Maria 1121;1121-Maria1121;1;0
Joao 1122;1122-Joao1122;1;1
Maria 1123;1123-Maria1123;1;0
Joao 1124;1124-Maria1124;1;1
Maria 1125;1125-Maria1125;0;0
Joao 1126;1126-Joao1126;0;1
Maria 1127;1127-Joao1127;1;0
Joao 1128;1128-Joao1128;0;1
Maria 1129;1129-Joao1129;1;0
Maria 1130;1130-Joao1130;0;0
Joao 1131;1131-Joao1131;0;1
Maria 1132;1132-Joao1132;1;0
Maria 1133;1133-Maria1133;0;0
Joao 1134;1134-Joao1134;0;1
Maria 1135;1135-Joao1135;0;0
Maria 1136;1136-Joao1136;1;0
Joao 1137;1137-Maria1137;0;1
Joao 1138;1138-Maria1138;1;1
Maria 1139;1139-Maria1139;0;0
Joao 1140;1140-Maria1140;1;1
Maria 1141;1141-Joao1141;1;0
Maria 1142;1142-Joao1142;0;0
Maria 1143;1143-Joao1143;0;0
Maria 1144;1144-Maria1144;0;0
Joao 1145;1145-Maria1145;1;1
Maria 1146;1146-Joao1146;0;0
Joao 1147;1147-Joao1147;0;1
Maria 1148;1148-Maria1148;1;0
Joao 1149;1149-Joao1149;1;1
Maria 1150;1150-Joao1150;1;0
Maria 1151;1151-Joao1151;0;0
Joao 1152;1152-Maria1152;0;1
Maria 1153;1153-Joao1153;0;0
Maria 1154;1154-Joao1154;0;0
Maria 1155;1155-Maria1155;1;0
Maria 1156;1156-Joao1156;1;0
Maria 1157;1157-Maria1157;1;0
Maria 1158;1158-Maria1158;0;0
Joao 1159;1159-Joao1159;1;1
Joao 1160;1160-Maria1160;1;1
Joao 1161;1161-Maria1161;0;1
Maria 1162;1162-Maria1162;0;0
Maria 1163;1163-Maria1163;0;0
Maria 1164;1164-Joao1164;1;0
Joao 1165;1165-Maria1165;1;1
Joao 1166;1166-Joao1166;1;1
Joao 1167;1167-Maria1167;1;1
Joao 1168;1168-Joao1168;0;1
Maria 1169;1169-Maria1169;0;0
Maria 1170;1170-Joao1170;0;0
Maria 1171;1171-Joao1171;0;0
Joao 1172;1172-Joao1172;1;1
Joao 1173;1173-Maria1173;0;1
Maria 1174;1174-Maria1174;0;0
Joao 1175;1175-Maria1175;0;1
Joao 1176;1176-Maria1176;1;1
Maria 1177;1177-Joao1177;0;0
Maria 1178;1178-Joao1178;1;0
Joao 1179;1179-Joao1179;1;1
Maria 1180;1180-Joao1180;0;0
Maria 1181;1181-Maria1181;1;0
Maria 1182;1182-Maria1182;1;0
Joao 1183;1183-Maria1183;1;1
Joao 1184;1184-Joao1184;0;1
Joao 1185;1185-Maria1185;0;1
Joao 1186;1186-Maria1186;0;1
Maria 1187;1187-Maria1187;0;0
Maria 1188;1188-Joao1188;0;0
Joao 1189;1189-Maria1189;1;1
Joao 1190;1190-Joao1190;1;1
Maria 1191;1191-Joao1191;1;0
Joao 1192;1192-Maria1192;1;1
Joao 1193;1193-Maria1193;1;1
Maria 1194;1194-Joao1194;0;0
Joao 1195;1195-Maria1195;0;1
Maria 1196;1196-Maria1196;0;0
Maria 1197;1197-Joao1197;0;0
Joao 1198;1198-Joao1198;1;1
Joao 1199;1199-Maria1199;1;1
Maria 1200;1200-Joao1200;1;0
Maria 1201;1201-Joao1201;1;0
Joao 1202;1202-Maria1202;0;1
Maria 1203;1203-Joao1203;0;0
Maria 1204;1204-Maria1204;0;0
Maria 1205;1205-Joao1205;0;0
Joao 1206;1206-Joao1206;1;1
Maria 1207;1207-Maria1207;1;0
Maria 1208;1208-Joao1208;0;0
Joao 1209;1209-Joao1209;0;1
Maria 1210;1210-Maria1210;0;0
Maria 1211;1211-Joao1211;0;0
Joao 1212;1212-Joao1212;0;1
Maria 1213;1213-Maria1213;1;0
Maria 1214;1214-Joao1214;0;0
Maria 1215;1215-Maria1215;0;0
Maria 1216;1216-Maria1216;0;0
Joao 1217;1217-Joao1217;1;1
Maria 1218;1218-Joao1218;1;0
Maria 1219;1219-Maria1219;1;0
Joao 1220;1220-Joao1220;0;1
Joao 1221;1221-Joao1221;1;1
Joao 1222;1222-Maria1222;1;1
Joao 1223;1223-Joao1223;0;1
Maria 1224;1224-Maria1224;0;0
Joao 1225;1225-Maria1225;1;1
Joao 1226;1226-Joao1226;0;1
Maria 1227;1227-Maria1227;0;0
Maria 1228;1228-Joao1228;0;0
Joao 1229;1229-Joao1229;0;1
Maria 1230;1230-Maria1230;1;0
Joao 1231;1231-Maria1231;1;1
Joao 1232;1232-Joao1232;0;1
Joao 1233;1233-Maria1233;0;1
Maria 1234;1234-Joao1234;1;0
Joao 1235;1235-Joao1235;0;1
Maria 1236;1236-Maria1236;1;0
Maria 1237;1237-Joao1237;0;0
Maria 1238;1238-Joao1238;1;0
Maria 1239;1239-Joao1239;1;0
Maria 1240;1240-Joao1240;1;0
Maria 1241;1241-Maria1241;0;0
Maria 1242;1242-Maria1242;1;0
Maria 1243;1243-Maria1243;1;0
Joao 1244;1244-Joao1244;0;1
Joao 1245;1245-Maria1245;1;1
Joao 1246;1246-Maria1246;0;1
Joao 1247;1247-Joao1247;1;1
Joao 1248;1248-Joao1248;1;1
Joao 1249;1249-Maria1249;0;1
Joao 1250;1250-Maria1250;0;1
Joao 1251;1251-Maria1251;1;1
Maria 1252;1252-Maria1252;1;0
Maria 1253;1253-Maria1253;0;0
Maria 1254;1254-Joao1254;0;0
Joao 1255;1255-Joao1255;0;1
Joao 1256;1256-Joao1256;1;1
Maria 1257;1257-Joao1257;1;0
Joao 1258;1258-Maria1258;0;1
Maria 1259;1259-Maria1259;1;0
Maria 1260;1260-Joao1260;0;0
Maria 1261;1261-Joao1261;1;0
Joao 1262;1262-Joao1262;1;1
Maria 1263;1263-Maria1263;1;0
Joao 1264;1264-Maria1264;1;1
Maria 1265;1265-Maria1265;0;0
Maria 1266;1266-Joao1266;0;0
Maria 1267;1267-Joao1267;1;0
Joao 1268;1268-Joao1268;1;1
Maria 1269;1269-Joao1269;1;0
Maria 1270;1270-Joao1270;1;0
Joao 1271;1271-Maria1271;1;1
Joao 1272;1272-Maria1272;0;1
Joao 1273;1273-Joao1273;0;1
Joao 1274;1274-Maria1274;0;1
Maria 1275;1275-Maria1275;1;0
Joao 1276;1276-Joao1276;1;1
Joao 1277;1277-Maria1277;0;1
Joao 1278;1278-Joao1278;0;1
Maria 1279;1279-Joao1279;1;0
Maria 1280;1280-Maria1280;0;0
Maria 1281;1281-Maria1281;0;0
Maria 1282;1282-Maria1282;1;0
Maria 1283;1283-Joao1283;1;0
Maria 1284;1284-Joao1284;1;0
Maria 1285;1285-Maria1285;1;0
Joao 1286;1286-Joao1286;1;1
Maria 1287;1287-Joao1287;1;0
Joao 1288;1288-Maria1288;0;1
Maria 1289;1289-Joao1289;1;0
Maria 1290;1290-Maria1290;1;0
Maria 1291;1291-Maria1291;1;0
Joao 1292;1292-Maria1292;1;1
Maria 1293;1293-Joao1293;1;0
Joao 1294;1294-Maria1294;1;1
Joao 1295;1295-Maria1295;0;1
Joao 1296;1296-Maria1296;0;1
Joao 1297;1297-Maria1297;0;1
Maria 1298;1298-Joao1298;0;0
Joao 1299;1299-Maria1299;1;1
Joao 1300;1300-Maria1300;0;1
Maria 1301;1301-Joao1301;1;0
Joao 1302;1302-Joao1302;1;1
Joao 1303;1303-Joao1303;0;1
Maria 1304;1304-Joao1304;1;0
Maria 1305;1305-Joao1305;1;0
Joao 1306;1306-Joao1306;1;1
Joao 1307;1307-Maria1307;0;1
Maria 1308;1308-Joao1308;1;0
Maria 1309;1309-Maria1309;0;0
Maria 1310;1310-Joao1310;0;0
Joao 1311;1311-Joao1311;0;1
Maria 1312;1312-Maria1312;0;0
Maria 1313;1313-Joao1313;1;0
Joao 1314;1314-Maria1314;0;1
Maria 1315;1315-Joao1315;1;0
Maria 1316;1316-Maria1316;1;0
Joao 1317;1317-Joao1317;0;1
Joao 1318;1318-Joao1318;0;1
Maria 1319;1319-Maria1319;1;0
Joao 1320;1320-Maria1320;1;1
Maria 1321;1321-Joao1321;1;0
Joao 1322;1322-Maria1322;1;1
Joao 1323;1323-Joao1323;1;1
Joao 1324;1324-Maria1324;1;1
Joao 1325;1325-Maria1325;0;1
Maria 1326;1326-Joao1326;0;0
Maria 1327;1327-Maria1327;0;0
Maria 1328;1328-Joao1328;0;0
Joao 1329;1329-Joao1329;1;1
Joao 1330;1330-Joao1330;0;1
Maria 1331;1331-Maria1331;0;0
Joao 1332;1332-Joao1332;0;1
Joao 1333;1333-Maria1333;1;1
Joao 1334;1334-Maria1334;1;1
Maria 1335;1335-Joao1335;0;0
Joao 1336;1336-Joao1336;0;1
Maria 1337;1337-Maria1337;0;0
Joao 1338;1338-Maria1338;1;1
Maria 1339;1339-Joao1339;1;0
Joao 1340;1340-Maria1340;0;1
Maria 1341;1341-Maria1341;0;0
Joao 1342;1342-Maria1342;1;1
Maria 1343;1343-Maria1343;1;0
Joao 1344;1344-Maria1344;1;1
Maria 1345;1345-Joao1345;1;0
Maria 1346;1346-Maria1346;1;0
Maria 1347;1347-Maria1347;0;0
Joao 1348;1348-Joao1348;1;1
Joao 1349;1349-Maria1349;1;1
Joao 1350;1350-Joao1350;1;1
Joao 1351;1351-Maria1351;0;1
Joao 1352;1352-Maria1352;1;1
Joao 1353;1353-Maria1353;0;1
Joao 1354;1354-Joao1354;0;1
Joao 1355;1355-Maria1355;1;1
Maria 1356;1356-Joao1356;0;0
Joao 1357;1357-Joao1357;0;1
Joao 1358;1358-Joao1358;0;1
Joao 1359;1359-Joao1359;1;1
Joao 1360;1360-Joao1360;0;1
Joao 1361;1361-Joao1361;1;1
Maria 1362;1362-Joao1362;1;0
Maria 1363;1363-Joao1363;0;0
Maria 1364;1364-Joao1364;0;0
Joao 1365;1365-Maria1365;1;1
Maria 1366;1366-Joao1366;0;0
Maria 1367;1367-Joao1367;1;0
Joao 1368;1368-Joao1368;1;1
Maria 1369;1369-Joao1369;0;0
Maria 1370;1370-Joao1370;0;0
Maria 1371;1371-Maria1371;0;0
Joao 1372;1372-Maria1372;0;1
Maria 1373;1373-Maria1373;0;0
Maria 1374;1374-Maria1374;0;0
Maria 1375;1375-Joao1375;0;0
Maria 1376;1376-Joao1376;0;0
Joao 1377;1377-Joao1377;0;1
Joao 1378;1378-Maria1378;1;1
Maria 1379;1379-Maria1379;0;0
Joao 1380;1380-Maria1380;1;1
Joao 1381;1381-Joao1381;1;1
Maria 1382;1382-Joao1382;1;0
Maria 1383;1383-Maria1383;0;0
Maria 1384;1384-Joao1384;0;0
Maria 1385;1385-Maria1385;1;0
Maria 1386;1386-Joao1386;1;0
Maria 1387;1387-Joao1387;0;0
Maria 1388;1388-Joao1388;1;0
Joao 1389;1389-Maria1389;0;1
Joao 1390;1390-Maria1390;1;1
Joao 1391;1391-Joao1391;1;1
Maria 1392;1392-Maria1392;0;0
Joao 1393;1393-Joao1393;1;1
Joao 1394;1394-Maria1394;1;1
Joao 1395;1395-Maria1395;1;1
Joao 1396;1396-Maria1396;0;1
Maria 1397;1397-Maria1397;0;0
Joao 1398;1398-Maria1398;0;1
Joao 1399;1399-Joao1399;1;1
Joao 1400;1400-Maria1400;1;1
Joao 1401;1401-Joao1401;0;1
Joao 1402;1402-Maria1402;0;1
Joao 1403;1403-Maria1403;0;1
Maria 1404;1404-Joao1404;0;0
Maria 1405;1405-Maria1405;1;0
Joao 1406;1406-Joao1406;1;1
Joao 1407;1407-Joao1407;0;1
Joao 1408;1408-Joao1408;1;1
Maria 1409;1409-Maria1409;0;0
Joao 1410;1410-Joao1410;0;1
Joao 1411;1411-Joao1411;1;1
Joao 1412;1412-Joao1412;0;1
Maria 1413;1413-Maria1413;0;0
Maria 1414;1414-Joao1414;1;0
Maria 1415;1415-Joao1415;0;0
Maria 1416;1416-Maria1416;1;0
Maria 1417;1417-Joao1417;0;0
Maria 1418;1418-Joao1418;1;0
Joao 1419;1419-Joao1419;0;1
Joao 1420;1420-Joao1420;1;1
Joao 1421;1421-Joao1421;0;1
Maria 1422;1422-Maria1422;1;0
Maria 1423;1423-Maria1423;1;0
Joao 1424;1424-Maria1424;0;1
Joao 1425;1425-Joao1425;0;1
Joao 1426;1426-Maria1426;1;1
Joao 1427;1427-Joao1427;1;1
Joao 1428;1428-Maria1428;0;1
Maria 1429;1429-Joao1429;0;0
Maria 1430;1430-Joao1430;1;0
Joao 1431;1431-Maria1431;0;1
Maria 1432;1432-Maria1432;0;0
Joao 1433;1433-Joao1433;0;1
Joao 1434;1434-Maria1434;0;1
Joao 1435;1435-Maria1435;0;1
Joao 1436;1436-Maria1436;1;1
Maria 1437;1437-Maria1437;1;0
Maria 1438;1438-Maria1438;0;0
Maria 1439;1439-Maria1439;1;0
Maria 1440;1440-Maria1440;1;0
Maria 1441;1441-Joao1441;1;0
Joao 1442;1442-Maria1442;1;1
Maria 1443;1443-Joao1443;0;0
Maria 1444;1444-Maria1444;0;0
Joao 1445;1445-Joao1445;0;1
Joao 1446;1446-Maria1446;1;1
Maria 1447;1447-Joao1447;0;0
Joao 1448;1448-Maria1448;0;1
Joao 1449;1449-Joao1449;1;1
Maria 1450;1450-Joao1450;1;0
Joao 1451;1451-Maria1451;0;1
Maria 1452;1452-Joao1452;1;0
Maria 1453;1453-Maria1453;1;0
Maria 1454;1454-Joao1454;0;0
Maria 1455;1455-Joao1455;0;0
Joao 1456;1456-Joao1456;1;1
Maria 1457;1457-Joao1457;0;0
Joao 1458;1458-Maria1458;0;1
Maria 1459;1459-Joao1459;1;0
Maria 1460;1460-Joao1460;1;0
Maria 1461;1461-Maria1461;0;0
Joao 1462;1462-Maria1462;0;1
Joao 1463;1463-Maria1463;0;1
Joao 1464;1464-Joao1464;0;1
Maria 1465;1465-Maria1465;1;0
Maria 1466;1466-Joao1466;1;0
Joao 1467;1467-Joao1467;1;1
Joao 1468;1468-Maria1468;1;1
Joao 1469;1469-Maria1469;0;1
Joao 1470;1470-Maria1470;1;1
Joao 1471;1471-Joao1471;0;1
Maria 1472;1472-Joao1472;1;0
Joao 1473;1473-Maria1473;0;1
Joao 1474;1474-Maria1474;0;1
Maria 1475;1475-Joao1475;1;0
Joao 1476;1476-Maria1476;0;1
Maria 1477;1477-Joao1477;1;0
Maria 1478;1478-Maria1478;0;0
Joao 1479;1479-Maria1479;1;1
Maria 1480;1480-Maria1480;0;0
Joao 1481;1481-Maria1481;0;1
Maria 1482;1482-Maria1482;1;0
Joao 1483;1483-Joao1483;0;1
Joao 1484;1484-Joao1484;0;1
Joao 1485;1485-Joao1485;1;1
Joao 1486;1486-Joao1486;0;1
Joao 1487;1487-Joao1487;0;1
Joao 1488;1488-Joao1488;1;1
Maria 1489;1489-Joao1489;1;0
Maria 1490;1490-Maria1490;0;0
Joao 1491;1491-Joao1491;0;1
Joao 1492;1492-Maria1492;1;1
Joao 1493;1493-Maria1493;0;1
Joao 1494;1494-Joao1494;0;1
Maria 1495;1495-Joao1495;1;0
Maria 1496;1496-Maria1496;0;0
Maria 1497;1497-Joao1497;1;0
Maria 1498;1498-Maria1498;1;0
Maria 1499;1499-Maria1499;1;0
Joao 1500;1500-Maria1500;1;1
